{
    "counter": {
        "ACTIVE": 18488,
        "INACTIVE": 2512,
        "INVALID": 0,
        "MALICIOUS": 0,
        "SANE": 0,
        "VALID": 0,
        "total": 21000
    },
    "percentage": {
        "ACTIVE": 88.03809523809524,
        "INACTIVE": 11.96418365402934,
        "INVALID": 0,
        "MALICIOUS": 0,
        "SANE": 0,
        "VALID": 0,
        "total": 100.00227889212458
    }
}