{
    "counter": {
        "ACTIVE": 18741,
        "INACTIVE": 2259,
        "INVALID": 0,
        "MALICIOUS": 0,
        "SANE": 0,
        "VALID": 0,
        "total": 21000
    },
    "percentage": {
        "ACTIVE": 89.24285714285715,
        "INACTIVE": 10.764319069856095,
        "INVALID": 0,
        "MALICIOUS": 0,
        "SANE": 0,
        "VALID": 0,
        "total": 100.00717621271325
    }
}