{
    "counter": {
        "ACTIVE": 15302,
        "INACTIVE": 5698,
        "INVALID": 0,
        "MALICIOUS": 0,
        "SANE": 0,
        "VALID": 0,
        "total": 21000
    },
    "percentage": {
        "ACTIVE": 72.86666666666666,
        "INACTIVE": 27.133333333333333,
        "INVALID": 0.0,
        "MALICIOUS": 0.0,
        "SANE": 0.0,
        "VALID": 0.0,
        "total": 100.0
    }
}