{
    "counter": {
        "ACTIVE": 16547,
        "INACTIVE": 4452,
        "INVALID": 1,
        "MALICIOUS": 0,
        "SANE": 0,
        "VALID": 0,
        "total": 21000
    },
    "percentage": {
        "ACTIVE": 78.79523809523809,
        "INACTIVE": 21.220209723546233,
        "INVALID": 0.007383343177790904,
        "MALICIOUS": 0,
        "SANE": 0,
        "VALID": 0,
        "total": 100.02283116196212
    }
}