{
    "counter": {
        "ACTIVE": 19185,
        "INACTIVE": 1815,
        "INVALID": 0,
        "MALICIOUS": 0,
        "SANE": 0,
        "VALID": 0,
        "total": 21000
    },
    "percentage": {
        "ACTIVE": 91.35714285714286,
        "INACTIVE": 8.648622891451444,
        "INVALID": 0,
        "MALICIOUS": 0,
        "SANE": 0,
        "VALID": 0,
        "total": 100.0057657485943
    }
}