{
    "counter": {
        "ACTIVE": 18994,
        "INACTIVE": 2006,
        "INVALID": 0,
        "MALICIOUS": 0,
        "SANE": 0,
        "VALID": 0,
        "total": 21000
    },
    "percentage": {
        "ACTIVE": 90.44761904761904,
        "INACTIVE": 9.558753454684075,
        "INVALID": 0,
        "MALICIOUS": 0,
        "SANE": 0,
        "VALID": 0,
        "total": 100.00637250230312
    }
}