{
    "counter": {
        "ACTIVE": 15546,
        "INACTIVE": 5454,
        "INVALID": 0,
        "MALICIOUS": 0,
        "SANE": 0,
        "VALID": 0,
        "total": 21000
    },
    "percentage": {
        "ACTIVE": 74.02857142857142,
        "INACTIVE": 25.97142857142857,
        "INVALID": 0.0,
        "MALICIOUS": 0.0,
        "SANE": 0.0,
        "VALID": 0.0,
        "total": 100.0
    }
}