{
    "counter": {
        "ACTIVE": 18549,
        "INACTIVE": 2451,
        "INVALID": 0,
        "MALICIOUS": 0,
        "SANE": 0,
        "VALID": 0,
        "total": 21000
    },
    "percentage": {
        "ACTIVE": 88.32857142857142,
        "INACTIVE": 11.67921471457162,
        "INVALID": 0,
        "MALICIOUS": 0,
        "SANE": 0,
        "VALID": 0,
        "total": 100.00778614314304
    }
}