{
    "counter": {
        "ACTIVE": 18789,
        "INACTIVE": 2211,
        "INVALID": 0,
        "MALICIOUS": 0,
        "SANE": 0,
        "VALID": 0,
        "total": 21000
    },
    "percentage": {
        "ACTIVE": 89.47142857142858,
        "INACTIVE": 10.535595158677213,
        "INVALID": 0,
        "MALICIOUS": 0,
        "SANE": 0,
        "VALID": 0,
        "total": 100.00702373010579
    }
}