{
    "counter": {
        "ACTIVE": 18646,
        "INACTIVE": 2353,
        "INVALID": 0,
        "MALICIOUS": 0,
        "SANE": 0,
        "VALID": 0,
        "total": 20999
    },
    "percentage": {
        "ACTIVE": 88.79470450973857,
        "INACTIVE": 11.207964180241975,
        "INVALID": 0,
        "MALICIOUS": 0,
        "SANE": 0,
        "VALID": 0,
        "total": 100.00266868998054
    }
}