{
    "counter": {
        "ACTIVE": 15421,
        "INACTIVE": 5578,
        "INVALID": 1,
        "MALICIOUS": 0,
        "SANE": 0,
        "VALID": 0,
        "total": 21000
    },
    "percentage": {
        "ACTIVE": 73.43333333333334,
        "INACTIVE": 26.564434708067434,
        "INVALID": 0.00827540549486925,
        "MALICIOUS": 0,
        "SANE": 0,
        "VALID": 0,
        "total": 100.00604344689565
    }
}